Altuve,Jose,HOU,2B,154,638,86,200,40,4,15,66,38,13,33,67,3,6,9,0.313,0.353,0.459,0.812
Machado,Manny,BAL,3B,162,633,102,181,30,1,35,86,20,8,70,111,2,4,4,0.286,0.359,0.502,0.861
Calhoun,Kole,LAA,OF,159,630,78,161,23,2,26,83,4,1,45,164,2,4,5,0.256,0.308,0.422,0.73
Cabrera,Melky,CWS,OF,158,629,70,172,36,2,12,77,3,0,40,88,2,10,2,0.273,0.314,0.394,0.708
Dozier,Brian,MIN,2B,157,628,101,148,39,4,28,77,12,4,61,148,0,8,7,0.236,0.307,0.444,0.751
Kinsler,Ian,DET,2B,154,624,94,185,35,7,11,73,10,6,43,80,0,5,3,0.296,0.342,0.428,0.77
Cano,Robinson,SEA,2B,156,624,82,179,34,1,21,79,2,6,43,107,0,4,3,0.287,0.334,0.446,0.78
Seager,Kyle,SEA,3B,161,623,85,166,37,0,26,74,6,6,54,98,0,4,5,0.266,0.328,0.451,0.779
Donaldson,Josh,TOR,3B,158,620,122,184,41,2,41,123,6,0,73,133,2,10,6,0.297,0.371,0.568,0.939
Frazier,Todd,CIN,3B,157,619,82,158,43,1,35,89,13,8,44,137,1,7,7,0.255,0.309,0.498,0.807
Arenado,Nolan,COL,3B,157,616,97,177,43,4,42,130,2,5,34,110,0,11,4,0.287,0.323,0.575,0.898
Gordon,Dee,MIA,2B,145,615,88,205,24,8,4,46,58,20,25,91,6,5,2,0.333,0.359,0.418,0.777
Blackmon,Charlie,COL,OF,157,614,93,176,31,9,17,58,43,13,46,112,5,4,13,0.287,0.347,0.45,0.797
Abreu,Jose,CWS,1B,154,613,88,178,34,3,30,101,0,0,39,140,0,1,15,0.29,0.347,0.502,0.849
Bogaerts,Xander,BOS,SS,156,613,84,196,35,3,7,81,10,2,32,101,3,3,3,0.32,0.355,0.421,0.776
Fielder,Prince,TEX,DH,158,613,78,187,28,0,23,98,0,0,64,88,0,5,11,0.305,0.378,0.463,0.841
Markakis,Nick,ATL,OF,156,612,73,181,38,1,3,53,2,1,70,83,0,1,3,0.296,0.37,0.376,0.746
Escobar,Alcides,KC,SS,148,612,76,157,20,5,3,47,17,5,26,75,11,5,8,0.257,0.293,0.32,0.613
Eaton,Adam,CWS,OF,153,610,98,175,28,9,14,56,18,8,58,131,5,2,14,0.287,0.361,0.431,0.792
Pollock,A.J.,ARI,OF,157,609,111,192,39,6,20,76,39,7,53,89,0,9,2,0.315,0.367,0.498,0.865
Longoria,Evan,TB,3B,160,604,74,163,35,1,21,73,3,1,51,132,0,9,6,0.27,0.328,0.435,0.763
Pujols,Albert,LAA,1B,157,602,85,147,22,0,40,95,5,3,50,72,0,3,6,0.244,0.307,0.48,0.787
Hosmer,Eric,KC,1B,158,599,98,178,33,5,18,93,7,3,61,108,1,3,3,0.297,0.363,0.459,0.822
Aybar,Erick,LAA,SS,156,597,74,161,30,1,3,44,15,6,25,73,7,5,4,0.27,0.301,0.338,0.639
Betts,Mookie,BOS,OF,145,597,92,174,42,8,18,77,21,6,46,82,3,6,2,0.291,0.341,0.479,0.82
Fowler,Dexter,CHC,OF,156,596,102,149,29,8,17,46,20,7,84,154,2,3,5,0.25,0.346,0.411,0.757
Kemp,Matt,SD,OF,154,596,80,158,31,3,23,100,12,2,39,147,0,8,5,0.265,0.312,0.443,0.755
Andrus,Elvis,TEX,SS,160,596,69,154,34,2,7,62,25,9,46,78,8,9,2,0.258,0.309,0.357,0.666
Martinez,J.D.,DET,OF,158,596,93,168,33,2,38,102,3,2,53,178,0,3,5,0.282,0.344,0.535,0.879
Polanco,Gregory,PIT,OF,153,593,83,152,35,6,9,52,27,10,55,121,1,2,1,0.256,0.32,0.381,0.701
Mauer,Joe,MIN,1B,158,592,69,157,34,2,10,66,2,1,67,112,1,5,1,0.265,0.338,0.38,0.718
Cruz,Nelson,SEA,OF,152,590,90,178,22,1,44,93,3,2,59,164,0,1,5,0.302,0.369,0.566,0.935
Phillips,Brandon,CIN,2B,148,588,69,173,19,2,12,70,23,3,27,68,1,3,4,0.294,0.328,0.395,0.723
Rizzo,Anthony,CHC,1B,160,586,94,163,38,3,31,101,17,6,78,105,0,7,30,0.278,0.387,0.512,0.899
Pillar,Kevin,TOR,OF,159,586,76,163,31,2,12,56,25,4,28,85,4,5,5,0.278,0.314,0.399,0.713
Ramirez,Alexei,CWS,SS,154,583,54,145,33,0,10,62,17,7,31,68,1,6,1,0.249,0.285,0.357,0.642
Desmond,Ian,WAS,SS,156,583,69,136,27,2,19,62,13,5,45,187,6,4,3,0.233,0.29,0.384,0.674
Bruce,Jay,CIN,OF,157,580,72,131,35,4,26,87,9,5,58,145,0,9,2,0.226,0.294,0.434,0.728
Headley,Chase,NYY,3B,156,580,74,150,29,1,11,62,0,2,51,135,0,4,7,0.259,0.324,0.369,0.693
Granderson,Curtis,NYM,OF,157,580,98,150,33,2,26,70,11,6,91,151,0,4,7,0.259,0.364,0.457,0.821
Peralta,Jhonny,STL,SS,155,579,64,159,26,1,17,71,1,4,50,111,0,6,5,0.275,0.334,0.411,0.745
Marte,Starling,PIT,OF,153,579,84,166,30,2,19,81,30,10,27,123,3,5,19,0.287,0.337,0.444,0.781
Trout,Mike,LAA,OF,159,575,104,172,32,6,41,90,11,7,92,158,0,5,10,0.299,0.402,0.59,0.992
Carpenter,Matt,STL,3B,154,574,101,156,44,3,28,84,4,3,81,151,0,4,6,0.272,0.365,0.505,0.87
Plouffe,Trevor,MIN,3B,152,573,74,140,35,4,22,86,2,1,50,124,1,4,4,0.244,0.307,0.435,0.742
Davis,Chris,BAL,1B,160,573,100,150,31,0,47,117,2,3,84,208,0,5,8,0.262,0.361,0.562,0.923
Duffy,Matt,SF,3B,149,573,77,169,28,6,12,77,12,0,30,96,2,2,5,0.295,0.334,0.428,0.762
Gardner,Brett,NYY,OF,151,571,94,148,26,3,16,66,20,5,68,135,8,3,6,0.259,0.343,0.399,0.742
Gonzalez,Adrian,LAD,1B,156,571,76,157,33,0,28,90,0,1,62,107,0,3,6,0.275,0.35,0.48,0.83
Morales,Kendrys,KC,DH,158,569,81,165,41,2,22,106,0,0,58,103,0,4,8,0.29,0.362,0.485,0.847
Beltre,Adrian,TEX,3B,143,567,83,163,32,4,18,83,1,0,41,65,0,8,3,0.287,0.334,0.453,0.787
Goldschmidt,Paul,ARI,1B,159,567,103,182,38,2,33,110,21,5,118,151,0,7,2,0.321,0.435,0.57,1.005
Gattis,Evan,HOU,DH,153,566,66,139,20,11,27,88,0,1,30,119,0,5,3,0.246,0.285,0.463,0.748
McCutchen,Andrew,PIT,OF,157,566,91,165,36,3,23,96,11,5,98,133,0,9,12,0.292,0.401,0.488,0.889
Kipnis,Jason,CLE,2B,141,565,86,171,43,7,9,52,12,8,57,107,4,6,9,0.303,0.372,0.451,0.823
LeMahieu,DJ,COL,2B,150,564,85,170,21,5,6,61,23,3,50,107,3,2,1,0.301,0.358,0.388,0.746
Lawrie,Brett,OAK,3B,149,562,64,146,29,3,16,60,5,2,28,144,3,4,5,0.26,0.299,0.407,0.706
Segura,Jean,MIL,SS,142,560,57,144,16,5,6,50,25,6,13,93,3,2,6,0.257,0.281,0.336,0.617
Galvis,Freddy,PHI,SS,151,559,63,147,14,5,7,50,10,1,30,103,7,4,3,0.263,0.302,0.343,0.645
Bryant,Kris,CHC,3B,151,559,87,154,31,5,26,99,13,4,77,199,0,5,9,0.275,0.369,0.488,0.857
Posey,Buster,SF,C,150,557,74,177,28,0,19,95,2,0,56,52,0,7,3,0.318,0.379,0.47,0.849
Wong,Kolten,STL,2B,150,557,71,146,28,4,11,61,15,8,36,95,0,5,15,0.262,0.321,0.386,0.707
Semien,Marcus,OAK,SS,155,556,65,143,23,7,15,45,11,5,42,132,1,1,1,0.257,0.31,0.405,0.715
Choo,Shin-Soo,TEX,OF,149,555,94,153,32,3,22,82,4,2,76,147,2,5,15,0.276,0.375,0.463,0.838
Gonzalez,Carlos,COL,OF,153,554,87,150,25,2,40,97,2,0,46,133,1,6,1,0.271,0.325,0.54,0.865
Garcia,Avisail,CWS,OF,148,553,66,142,17,2,13,59,7,7,36,141,0,4,8,0.257,0.309,0.365,0.674
Cain,Lorenzo,KC,OF,140,551,101,169,34,6,16,72,28,6,37,98,0,4,12,0.307,0.361,0.477,0.838
Santana,Carlos,CLE,1B,154,550,72,127,29,2,19,85,11,3,108,122,0,5,3,0.231,0.357,0.395,0.752
Castellanos,Nick,DET,3B,154,549,42,140,33,6,15,73,0,3,39,152,0,6,1,0.255,0.303,0.419,0.722
Moustakas,Mike,KC,3B,147,549,73,156,34,1,22,82,1,2,43,76,4,5,13,0.284,0.348,0.47,0.818
Heyward,Jason,STL,OF,154,547,79,160,33,4,13,60,23,3,56,90,0,3,2,0.293,0.359,0.439,0.798
Castro,Starlin,CHC,2B,151,547,52,145,23,2,11,69,5,5,21,91,1,4,5,0.265,0.296,0.375,0.671
Jones,Adam,BAL,OF,137,546,74,147,25,3,27,82,3,1,24,102,0,3,8,0.269,0.308,0.474,0.782
Votto,Joey,CIN,1B,158,545,95,171,33,2,29,80,11,3,143,135,0,2,5,0.314,0.459,0.541,1
Walker,Neil,PIT,2B,151,543,69,146,32,3,16,71,4,1,44,110,0,8,8,0.269,0.328,0.427,0.755
Bautista,Jose,TOR,OF,153,543,108,136,29,3,40,114,8,2,110,106,0,8,5,0.25,0.377,0.536,0.913
Upton,Justin,SD,OF,150,542,85,136,26,3,26,81,19,5,68,159,0,5,4,0.251,0.336,0.454,0.79
Forsythe,Logan,TB,2B,153,540,69,152,33,2,17,68,9,4,55,111,0,6,14,0.281,0.359,0.444,0.803
Butler,Billy,OAK,DH,151,538,63,135,28,1,15,65,0,0,52,101,0,4,7,0.251,0.323,0.39,0.713
Escobar,Yunel,WAS,3B,139,535,75,168,25,1,9,56,2,2,45,70,1,2,8,0.314,0.375,0.415,0.79
Simmons,Andrelton,ATL,SS,147,535,60,142,23,2,4,44,5,3,39,48,1,2,6,0.265,0.321,0.338,0.659
Perez,Salvador,KC,C,142,531,52,138,25,0,21,70,1,0,13,82,0,5,4,0.26,0.28,0.426,0.706
Brantley,Michael,CLE,OF,137,529,68,164,45,0,15,84,15,1,60,51,0,5,2,0.31,0.379,0.48,0.859
Encarnacion,Edwin,TOR,1B,146,528,94,146,31,0,39,111,3,2,77,98,0,10,9,0.277,0.372,0.557,0.929
Ortiz,David,BOS,DH,146,528,73,144,37,0,37,108,0,1,77,95,0,9,0,0.273,0.36,0.553,0.913
Peterson,Jace,ATL,2B,152,528,55,126,23,5,6,52,12,10,56,120,7,3,3,0.239,0.314,0.335,0.649
Solarte,Yangervis,SD,3B,152,526,63,142,33,4,14,63,1,0,34,56,2,3,6,0.27,0.32,0.428,0.748
Reddick,Josh,OAK,OF,149,526,67,143,25,4,20,77,10,2,49,65,1,2,0,0.272,0.333,0.449,0.782
Gregorius,Didi,NYY,SS,155,525,57,139,24,2,9,56,5,3,33,85,3,6,11,0.265,0.318,0.37,0.688
Inciarte,Ender,ARI,OF,132,524,73,159,27,5,6,45,21,10,26,58,2,5,4,0.303,0.338,0.408,0.746
Rodriguez,Alex,NYY,DH,151,523,83,131,22,1,33,86,4,0,84,145,0,7,6,0.25,0.356,0.486,0.842
Hunter,Torii,MIN,OF,139,521,67,125,22,0,22,81,2,5,35,105,0,5,6,0.24,0.293,0.409,0.702
Harper,Bryce,WAS,OF,153,521,118,172,38,1,42,99,6,4,124,131,0,4,5,0.33,0.46,0.649,1.109
Burns,Billy,OAK,OF,125,520,70,153,18,9,5,42,26,8,26,81,1,2,6,0.294,0.334,0.392,0.726
Rollins,Jimmy,LAD,SS,144,517,71,116,24,3,13,41,12,8,44,86,1,1,0,0.224,0.285,0.358,0.643
Norris,Derek,SD,C,147,515,65,129,33,2,14,62,4,1,35,131,0,1,6,0.25,0.305,0.404,0.709
Owings,Chris,ARI,2B,147,515,59,117,27,5,4,43,16,4,26,144,7,3,1,0.227,0.264,0.322,0.586
Pagan,Angel,SF,OF,133,512,55,134,21,3,3,37,12,4,32,93,0,6,1,0.262,0.303,0.332,0.635
Crawford,Brandon,SF,SS,143,507,65,130,33,4,21,84,6,4,39,119,0,4,11,0.256,0.321,0.462,0.783
Braun,Ryan,MIL,OF,140,506,87,144,27,3,25,84,24,4,54,115,0,3,4,0.285,0.356,0.498,0.854
Maybin,Cameron,ATL,OF,141,505,65,135,18,2,10,59,23,6,45,102,1,3,1,0.267,0.327,0.37,0.697
Cabrera,Asdrubal,TB,SS,143,505,66,134,28,5,15,58,6,3,36,107,1,6,3,0.265,0.315,0.43,0.745
Kiermaier,Kevin,TB,OF,151,505,62,133,25,12,10,40,18,5,24,95,2,2,2,0.263,0.298,0.42,0.718
Lind,Adam,MIL,1B,149,502,72,139,32,0,20,87,0,0,66,100,0,3,1,0.277,0.36,0.46,0.82
Prado,Martin,MIA,3B,129,500,52,144,22,2,9,63,1,0,37,68,1,8,5,0.288,0.338,0.394,0.732
Murphy,Daniel,NYM,2B,130,499,56,140,38,2,14,73,2,2,31,38,0,6,2,0.281,0.322,0.449,0.771
Herrera,Odubel,PHI,OF,147,495,64,147,30,3,8,41,16,8,28,129,5,1,8,0.297,0.344,0.418,0.762
Belt,Brandon,SF,1B,137,492,73,138,33,5,18,68,9,3,56,147,0,4,4,0.28,0.356,0.478,0.834
Molina,Yadier,STL,C,136,488,34,132,23,2,4,61,3,1,32,59,1,9,0,0.27,0.31,0.35,0.66
Gose,Anthony,DET,OF,140,485,73,123,24,8,5,26,23,11,45,145,2,0,3,0.254,0.321,0.367,0.688
Flores,Wilmer,NYM,SS,137,483,55,127,22,0,16,59,0,1,19,63,2,2,4,0.263,0.295,0.408,0.703
Pederson,Joc,LAD,OF,151,480,67,101,19,1,26,54,4,7,92,170,2,2,9,0.21,0.346,0.417,0.763
Beltran,Carlos,NYY,OF,133,478,57,132,34,1,19,67,0,0,45,85,0,6,2,0.276,0.337,0.471,0.808
Yelich,Christian,MIA,OF,126,476,63,143,30,2,7,44,16,5,47,101,0,0,2,0.3,0.366,0.416,0.782
Ramos,Wilson,WAS,C,128,475,41,109,16,0,15,68,0,0,21,101,0,8,0,0.229,0.258,0.358,0.616
Russell,Addison,CHC,SS,142,475,60,115,29,1,13,54,4,3,42,149,1,2,3,0.242,0.307,0.389,0.696
Taylor,Michael,WAS,OF,138,472,49,108,15,2,14,63,16,3,35,158,1,2,1,0.229,0.282,0.358,0.64
Duda,Lucas,NYM,1B,135,471,67,115,33,0,27,73,0,2,66,138,0,3,14,0.244,0.352,0.486,0.838
Moreland,Mitch,TEX,1B,132,471,51,131,27,0,23,85,1,0,32,112,0,5,7,0.278,0.33,0.482,0.812
Hechavarria,Adeiny,MIA,SS,130,470,54,132,17,6,5,48,7,2,23,78,0,4,2,0.281,0.315,0.374,0.689
Sandoval,Pablo,BOS,3B,126,470,43,115,25,1,10,47,0,0,25,73,1,2,7,0.245,0.292,0.366,0.658
Howard,Ryan,PHI,1B,129,467,53,107,29,1,23,77,0,0,27,138,0,3,5,0.229,0.277,0.443,0.72
McCann,Brian,NYY,C,135,465,68,108,15,1,26,94,0,0,52,97,0,7,11,0.232,0.32,0.437,0.757
Kendrick,Howie,LAD,2B,117,464,64,137,22,2,9,54,6,2,27,82,1,1,2,0.295,0.336,0.409,0.745
Peralta,David,ARI,OF,149,462,61,144,26,10,17,78,9,4,44,107,0,7,4,0.312,0.371,0.522,0.893
Ozuna,Marcell,MIA,OF,123,459,47,119,27,0,10,44,2,3,30,110,0,2,3,0.259,0.308,0.383,0.691
Morrison,Logan,SEA,1B,146,457,47,103,15,3,17,54,8,4,47,81,1,2,4,0.225,0.302,0.383,0.685
Holt,Brock,BOS,3B,129,454,56,127,27,6,2,45,8,1,46,97,4,2,3,0.28,0.349,0.379,0.728
Rosario,Eddie,MIN,OF,122,453,60,121,18,15,13,50,11,6,15,118,3,3,0,0.267,0.289,0.459,0.748
Giavotella,Johnny,LAA,2B,129,453,51,123,25,5,4,49,2,1,32,59,9,6,2,0.272,0.318,0.375,0.693
Ellsbury,Jacoby,NYY,OF,111,452,66,116,15,2,7,33,21,9,35,86,1,3,7,0.257,0.318,0.345,0.663
Cervelli,Francisco,PIT,C,130,451,56,133,17,5,7,43,1,1,46,94,4,1,8,0.295,0.37,0.401,0.771
Vogt,Stephen,OAK,C,136,445,58,116,21,3,18,71,0,2,56,97,0,8,2,0.261,0.341,0.443,0.784
Lagares,Juan,NYM,OF,143,441,47,114,16,5,6,41,7,3,16,87,1,3,4,0.259,0.289,0.358,0.647
Canha,Mark,OAK,1B,124,441,61,112,22,3,16,70,7,2,33,96,0,3,8,0.254,0.315,0.426,0.741
Realmuto,J.T.,MIA,C,126,441,49,114,21,7,10,47,8,4,19,70,1,4,2,0.259,0.29,0.406,0.696
Martin,Russell,TOR,C,129,441,76,106,23,2,23,77,4,5,53,106,0,5,8,0.24,0.329,0.458,0.787
Martinez,Victor,DET,DH,120,440,39,108,20,0,11,64,0,0,31,52,0,7,7,0.245,0.301,0.366,0.667
Infante,Omar,KC,2B,124,440,39,97,23,7,2,44,2,2,9,69,2,4,0,0.22,0.234,0.318,0.552
Coghlan,Chris,CHC,OF,148,440,64,110,25,6,16,41,11,2,58,94,1,1,3,0.25,0.341,0.443,0.784
Miller,Brad,SEA,OF,144,438,44,113,22,4,11,46,13,4,47,101,4,6,2,0.258,0.329,0.402,0.731
Alvarez,Pedro,PIT,1B,150,437,60,106,18,0,27,77,2,0,48,131,0,4,2,0.243,0.318,0.469,0.787
Valbuena,Luis,HOU,3B,132,434,62,97,18,0,25,56,1,0,50,106,0,3,6,0.224,0.31,0.438,0.748
Suzuki,Kurt,MIN,C,131,433,36,104,17,0,5,50,0,0,29,59,6,4,7,0.24,0.296,0.314,0.61
Rasmus,Colby,HOU,OF,137,432,67,103,23,2,25,61,2,1,47,154,1,3,2,0.238,0.314,0.475,0.789
Cabrera,Miguel,DET,1B,119,429,64,145,28,1,18,76,1,1,77,82,0,2,3,0.338,0.44,0.534,0.974
LaRoche,Adam,CWS,1B,127,429,41,89,21,0,12,44,0,0,49,133,0,2,4,0.207,0.293,0.34,0.633
Odor,Rougned,TEX,2B,120,426,54,111,21,9,16,61,6,7,23,79,2,5,14,0.261,0.316,0.465,0.781
DeShieldsJr.,Delino,TEX,OF,121,425,83,111,22,10,2,37,25,8,53,101,7,4,3,0.261,0.344,0.374,0.718
Asche,Cody,PHI,OF,129,425,41,104,22,3,12,39,1,2,26,111,0,1,4,0.245,0.294,0.395,0.689
Freese,David,LAA,3B,121,424,53,109,27,0,14,56,1,1,31,107,0,3,12,0.257,0.323,0.42,0.743
Gyorko,Jedd,SD,SS,128,421,34,104,15,0,16,57,0,1,27,107,0,5,5,0.247,0.297,0.397,0.694
Ahmed,Nick,ARI,SS,134,421,49,95,17,6,9,34,4,5,29,81,5,3,1,0.226,0.275,0.359,0.634
Kang,Jung-Ho,PIT,SS,126,421,60,121,24,2,15,58,5,4,28,99,0,1,17,0.287,0.355,0.461,0.816
Jackson,Austin,SEA,OF,107,419,46,114,18,3,8,38,15,9,24,107,3,1,1,0.272,0.312,0.387,0.699
Harrison,Josh,PIT,3B,114,418,57,120,29,1,4,28,10,8,19,71,3,2,7,0.287,0.327,0.39,0.717
Iglesias,Jose,DET,SS,120,416,44,125,17,3,2,23,11,8,25,44,4,3,6,0.3,0.347,0.37,0.717
Freeman,Freddie,ATL,1B,118,416,62,115,27,0,18,66,3,1,56,98,0,2,7,0.276,0.37,0.471,0.841
Hamilton,Billy,CIN,OF,114,412,56,93,8,3,4,28,57,8,28,75,9,4,1,0.226,0.274,0.289,0.563
Hardy,J.J.,BAL,SS,114,411,45,90,14,0,8,37,0,0,20,88,2,4,0,0.219,0.253,0.311,0.564
Escobar,Eduardo,MIN,SS,127,409,48,107,31,4,12,58,2,3,28,86,2,5,2,0.262,0.309,0.445,0.754
Bour,Justin,MIA,1B,129,409,42,107,20,0,23,73,0,0,34,101,0,1,2,0.262,0.321,0.479,0.8
Pierzynski,A.J.,ATL,C,113,407,38,122,24,1,9,49,0,2,19,37,0,3,7,0.3,0.339,0.43,0.769
Tomas,Yasmany,ARI,OF,118,406,40,111,19,3,9,48,5,2,17,110,0,1,2,0.273,0.305,0.401,0.706
Hernandez,Cesar,PHI,2B,127,405,57,110,20,4,1,35,19,5,40,86,4,1,2,0.272,0.339,0.348,0.687
Cespedes,Yoenis,DET,OF,102,403,62,118,28,2,18,61,3,4,19,87,0,4,1,0.293,0.323,0.506,0.829
Ramirez,Hanley,BOS,OF,105,401,59,100,12,1,19,53,6,3,21,71,0,4,4,0.249,0.291,0.426,0.717
McCann,James,DET,C,114,401,32,106,18,5,7,41,0,1,16,90,4,1,3,0.264,0.297,0.387,0.684
Suzuki,Ichiro,MIA,OF,153,398,45,91,5,6,1,21,11,5,31,51,5,4,0,0.229,0.282,0.279,0.561
Ethier,Andre,LAD,OF,142,395,54,116,20,7,14,53,2,3,43,75,0,3,4,0.294,0.366,0.486,0.852
Smith,Seth,SEA,OF,136,395,54,98,31,5,12,42,0,0,47,99,1,5,4,0.248,0.33,0.443,0.773
Mercer,Jordy,PIT,SS,116,394,34,96,21,0,3,34,3,2,27,73,4,3,2,0.244,0.293,0.32,0.613
Davis,Khris,MIL,OF,121,392,54,97,16,2,27,66,6,2,44,122,0,3,1,0.247,0.323,0.505,0.828
Teixeira,Mark,NYY,1B,111,392,57,100,22,0,31,79,2,0,59,85,0,5,6,0.255,0.357,0.548,0.905
Carter,Chris,HOU,1B,129,391,50,78,17,0,24,64,1,2,57,151,0,5,6,0.199,0.307,0.427,0.734
Lindor,Francisco,CLE,SS,99,390,50,122,22,4,12,51,12,2,27,69,13,7,1,0.313,0.353,0.482,0.835
Sanchez,Carlos,CWS,2B,120,389,40,87,23,1,5,31,2,2,19,81,6,1,5,0.224,0.268,0.326,0.594
Springer,George,HOU,OF,102,388,59,107,19,2,16,41,16,4,50,109,2,3,8,0.276,0.367,0.459,0.826
Correa,Carlos,HOU,SS,99,387,52,108,22,1,22,68,14,4,40,78,0,4,1,0.279,0.345,0.512,0.857
Turner,Justin,LAD,3B,126,385,55,113,26,1,16,60,5,2,36,71,1,4,13,0.294,0.37,0.491,0.861
Rios,Alex,KC,OF,105,385,40,98,22,2,4,32,9,0,15,67,0,6,5,0.255,0.287,0.353,0.64
Drew,Stephen,NYY,2B,131,383,43,77,16,1,17,44,0,2,37,71,4,3,1,0.201,0.271,0.381,0.652
Reynolds,Mark,STL,1B,140,382,35,88,21,2,13,48,2,3,44,121,0,2,4,0.23,0.315,0.398,0.713
Panik,Joe,SF,2B,100,382,59,119,27,2,8,37,3,2,38,42,3,4,5,0.312,0.378,0.455,0.833
Pedroia,Dustin,BOS,2B,93,381,46,111,19,1,12,42,2,2,38,51,1,3,2,0.291,0.356,0.441,0.797
Cuddyer,Michael,NYM,OF,117,379,44,98,18,1,10,41,2,0,24,88,0,1,4,0.259,0.309,0.391,0.7
Cron,C.J.,LAA,1B,113,378,37,99,17,1,16,51,3,1,17,82,0,3,5,0.262,0.3,0.439,0.739
Goins,Ryan,TOR,SS,128,376,52,94,16,4,5,45,2,1,39,83,7,5,1,0.25,0.318,0.354,0.672
Gennett,Scooter,MIL,2B,114,375,42,99,18,4,6,29,1,3,12,68,0,0,4,0.264,0.294,0.381,0.675
Souza,Steven,TB,OF,110,373,59,84,15,1,16,40,12,6,46,144,1,1,5,0.225,0.318,0.399,0.717
Sogard,Eric,OAK,2B,120,372,40,92,12,3,1,37,6,1,23,50,3,1,2,0.247,0.294,0.304,0.598
Suarez,Eugenio,CIN,SS,97,372,42,104,19,2,13,48,4,1,17,94,4,2,3,0.28,0.315,0.446,0.761
Lucroy,Jonathan,MIL,C,103,371,51,98,20,3,7,43,1,0,36,64,1,6,1,0.264,0.326,0.391,0.717
Espinosa,Danny,WAS,2B,118,367,59,88,21,1,13,37,5,2,33,106,3,3,6,0.24,0.311,0.409,0.72
Soler,Jorge,CHC,OF,101,366,39,96,18,1,10,47,3,1,32,121,0,3,3,0.262,0.324,0.399,0.723
Revere,Ben,PHI,OF,96,366,49,109,13,6,1,26,24,5,19,36,2,0,1,0.298,0.334,0.374,0.708
Hundley,Nick,COL,C,103,366,45,110,21,5,10,43,5,6,21,76,0,1,1,0.301,0.339,0.467,0.806
Gomes,Yan,CLE,C,95,363,38,84,22,0,12,45,0,0,13,104,0,6,7,0.231,0.267,0.391,0.658
Paredes,Jimmy,BAL,DH,104,363,46,100,17,2,10,42,4,4,19,111,0,2,0,0.275,0.31,0.416,0.726
Loney,James,TB,1B,104,361,25,101,16,0,4,32,2,4,23,34,0,3,1,0.28,0.322,0.357,0.679
Tejada,Ruben,NYM,SS,116,360,36,94,23,0,3,28,2,1,38,70,2,2,5,0.261,0.338,0.35,0.688
Byrd,Marlon,CIN,OF,96,359,46,85,13,3,19,42,2,1,23,101,0,3,3,0.237,0.286,0.448,0.734
Grandal,Yasmani,LAD,C,115,355,43,83,12,0,16,47,0,1,65,92,1,3,2,0.234,0.353,0.403,0.756
Aoki,Norichika,SF,OF,93,355,42,102,12,3,5,26,14,5,30,25,1,0,6,0.287,0.353,0.38,0.733
Gordon,Alex,KC,OF,104,354,40,96,18,0,13,48,2,5,49,92,0,5,14,0.271,0.377,0.432,0.809
Alonso,Yonder,SD,1B,103,354,50,100,18,1,5,31,2,5,42,48,0,3,3,0.282,0.361,0.381,0.742
Hicks,Aaron,MIN,OF,97,352,48,90,11,3,11,33,13,3,34,66,0,2,2,0.256,0.323,0.398,0.721
Zunino,Mike,SEA,C,112,350,28,61,11,0,11,28,0,1,21,132,8,2,5,0.174,0.23,0.3,0.53
Lamb,Jake,ARI,3B,107,350,38,92,15,5,6,34,3,2,36,97,0,3,1,0.263,0.331,0.386,0.717
Montero,Miguel,CHC,C,113,347,36,86,11,0,15,53,1,1,49,103,0,3,4,0.248,0.345,0.409,0.754
Zimmerman,Ryan,WAS,1B,95,346,43,86,25,1,16,73,1,0,33,79,0,10,1,0.249,0.308,0.465,0.773
Gonzalez,Marwin,HOU,SS,120,344,44,96,18,1,12,34,4,5,16,74,7,0,3,0.279,0.317,0.442,0.759
Davis,Rajai,DET,OF,112,341,55,88,16,11,8,30,18,8,22,76,1,3,3,0.258,0.306,0.44,0.746
Marisnick,Jake,HOU,OF,133,339,46,80,15,4,9,36,24,9,18,105,6,4,5,0.236,0.281,0.383,0.664
Castro,Jason,HOU,C,104,337,38,71,19,0,11,31,0,0,33,115,0,3,2,0.211,0.283,0.365,0.648
Moss,Brandon,CLE,OF,94,337,36,73,17,1,15,50,0,0,32,106,0,3,3,0.217,0.288,0.407,0.695
Trumbo,Mark,SEA,OF,96,334,39,88,13,0,13,41,0,0,26,93,0,1,0,0.263,0.316,0.419,0.735
Pena,Brayan,CIN,C,108,333,17,91,17,0,0,18,2,0,29,34,2,1,2,0.273,0.334,0.324,0.658
Chisenhall,Lonnie,CLE,OF,106,333,38,82,19,1,7,44,4,1,23,69,2,3,1,0.246,0.294,0.372,0.666
Colabello,Chris,TOR,1B,101,333,55,107,19,1,15,54,2,0,22,96,0,2,3,0.321,0.367,0.52,0.887
Guyer,Brandon,TB,OF,128,332,51,88,21,2,8,28,10,4,25,61,3,1,24,0.265,0.359,0.413,0.772
Flowers,Tyler,CWS,C,112,331,21,79,12,0,9,39,0,1,21,104,2,1,6,0.239,0.295,0.356,0.651
Werth,Jayson,WAS,OF,88,331,51,73,16,1,12,42,0,1,38,84,0,6,3,0.221,0.302,0.384,0.686
Napoli,Mike,BOS,1B,98,329,37,68,18,1,13,40,3,1,45,99,0,1,3,0.207,0.307,0.386,0.693
Blanco,Gregor,SF,OF,115,327,59,95,19,3,5,26,13,5,40,59,0,3,2,0.291,0.368,0.413,0.781
Francoeur,Jeff,PHI,OF,119,326,34,84,16,1,13,45,0,2,13,77,0,3,1,0.258,0.286,0.433,0.719
Paulsen,Ben,COL,1B,116,325,42,90,19,4,11,49,1,2,23,92,1,3,2,0.277,0.326,0.462,0.788
Amarista,Alexi,SD,SS,118,324,28,66,10,4,3,30,5,1,24,55,3,5,1,0.204,0.257,0.287,0.544
Grichuk,Randal,STL,OF,103,323,49,89,23,7,17,47,4,2,22,110,0,1,4,0.276,0.329,0.548,0.877
Parra,Gerardo,MIL,OF,100,323,53,106,24,5,9,31,9,3,20,57,1,4,3,0.328,0.369,0.517,0.886
Tulowitzki,Troy,COL,SS,87,323,46,97,19,0,12,53,0,0,24,72,0,3,1,0.3,0.348,0.471,0.819
Joseph,Caleb,BAL,C,100,320,38,75,16,1,11,49,0,0,27,72,3,1,3,0.234,0.299,0.394,0.693
Young,Chris,NYY,OF,140,318,53,80,20,1,14,42,3,1,30,73,3,2,3,0.252,0.32,0.453,0.773
Ramirez,Jose,CLE,2B,97,315,50,69,14,3,6,27,10,4,32,39,5,2,1,0.219,0.291,0.34,0.631
Hill,Aaron,ARI,2B,116,313,32,72,18,0,6,39,7,2,31,54,0,8,1,0.23,0.295,0.345,0.64
Rendon,Anthony,WAS,3B,80,311,43,82,16,0,5,25,1,2,36,70,0,4,4,0.264,0.344,0.363,0.707
Robinson,Clint,WAS,OF,126,309,44,84,15,1,10,34,0,0,37,52,0,1,5,0.272,0.358,0.424,0.782
Schoop,Jonathan,BAL,2B,86,305,34,85,17,0,15,39,2,0,9,79,1,2,4,0.279,0.306,0.482,0.788
Franco,Maikel,PHI,3B,80,304,45,85,22,1,14,50,1,0,26,52,0,1,4,0.28,0.343,0.497,0.84
Spangenberg,Cory,SD,2B,108,303,38,82,17,5,4,21,9,4,28,75,8,3,2,0.271,0.333,0.399,0.732
Tucker,Preston,HOU,OF,98,300,35,73,19,0,13,33,0,2,20,68,0,0,3,0.243,0.297,0.437,0.734
Rivera,Rene,TB,C,110,298,16,53,14,0,5,26,0,0,11,86,5,2,3,0.178,0.213,0.275,0.488
Smoak,Justin,TOR,1B,132,296,44,67,16,1,18,59,0,0,29,86,0,1,2,0.226,0.299,0.47,0.769
Pearce,Steve,BAL,1B,92,294,42,64,13,1,15,40,1,1,23,69,0,1,7,0.218,0.289,0.422,0.711
Aviles,Mike,CLE,SS,98,290,37,67,10,0,5,17,3,1,20,38,5,1,1,0.231,0.282,0.317,0.599
Fuld,Sam,OAK,OF,120,290,34,57,16,3,2,22,9,3,30,55,2,1,2,0.197,0.276,0.293,0.569
Bourn,Michael,CLE,OF,95,289,29,71,12,1,0,19,13,5,29,76,7,1,0,0.246,0.313,0.294,0.607
Reyes,Jose,TOR,SS,69,288,36,82,17,0,4,34,16,2,17,38,4,2,0,0.285,0.322,0.385,0.707
Swihart,Blake,BOS,C,84,288,47,79,17,1,5,31,4,2,18,77,2,0,1,0.274,0.319,0.392,0.711
Martin,Leonys,TEX,OF,95,288,26,63,12,0,5,25,14,5,16,69,3,1,2,0.219,0.264,0.313,0.577
Gomez,Carlos,MIL,OF,74,286,42,75,20,1,8,43,7,6,23,70,0,0,5,0.262,0.328,0.423,0.751
Ruiz,Carlos,PHI,C,86,284,23,60,13,1,2,22,1,1,28,43,3,1,4,0.211,0.29,0.285,0.575
Venable,Will,SD,OF,98,283,34,73,10,3,6,30,11,1,25,73,0,0,0,0.258,0.318,0.378,0.696
Puig,Yasiel,LAD,OF,79,282,30,72,12,3,11,38,3,3,26,66,0,1,2,0.255,0.322,0.436,0.758
Ramirez,Aramis,MIL,3B,81,279,25,69,18,0,11,42,1,0,16,42,0,3,4,0.247,0.295,0.43,0.725
Stanton,Giancarlo,MIA,OF,74,279,47,74,12,1,27,67,4,2,34,95,0,3,2,0.265,0.346,0.606,0.952
Sano,Miguel,MIN,DH,80,279,46,75,17,1,18,52,1,1,53,119,0,2,1,0.269,0.385,0.53,0.915
Castillo,Welington,ARI,C,80,274,34,70,13,1,17,50,0,0,21,75,0,3,5,0.255,0.317,0.496,0.813
Castillo,Rusney,BOS,OF,80,273,35,69,10,2,5,29,4,5,13,54,1,1,1,0.253,0.288,0.359,0.647
Iannetta,Chris,LAA,C,92,272,28,51,10,0,10,34,0,1,41,83,0,3,1,0.188,0.293,0.335,0.628
Rupp,Cameron,PHI,C,81,270,24,63,9,1,9,28,0,1,24,71,0,2,3,0.233,0.301,0.374,0.675
Ruf,Darin,PHI,1B,106,268,30,63,12,0,12,39,1,0,21,69,0,3,5,0.235,0.3,0.414,0.714
Urshela,Giovanny,CLE,3B,81,267,25,60,8,1,6,21,0,1,18,58,1,0,2,0.225,0.279,0.33,0.609
Flaherty,Ryan,BAL,2B,91,267,34,54,8,3,9,31,0,0,26,81,2,2,4,0.202,0.281,0.356,0.637
Santana,Danny,MIN,SS,91,261,30,56,10,5,0,21,8,4,6,68,7,0,3,0.215,0.241,0.291,0.532
Perez,Carlos,LAA,C,86,260,20,65,13,0,4,21,2,0,19,49,2,2,0,0.25,0.299,0.346,0.645
Wieters,Matt,BAL,C,75,258,24,69,14,1,8,25,0,0,21,67,0,3,0,0.267,0.319,0.422,0.741
Butler,Joey,TB,OF,88,257,30,71,12,0,8,30,5,2,16,82,0,0,3,0.276,0.326,0.416,0.742
Herrera,Elian,MIL,3B,83,256,29,62,18,0,7,33,3,1,18,72,1,2,0,0.242,0.29,0.395,0.685
Barnes,Brandon,COL,OF,106,255,30,64,13,2,2,17,4,2,21,67,1,1,3,0.251,0.314,0.341,0.655
Middlebrooks,Will,SD,3B,83,255,23,54,7,2,9,29,2,1,11,60,0,4,0,0.212,0.241,0.361,0.602
Dietrich,Derek,MIA,OF,90,250,38,64,14,3,10,24,0,2,23,65,0,3,13,0.256,0.346,0.456,0.802
Maxwell,Justin,SF,OF,100,249,26,52,8,2,7,26,2,1,20,76,1,1,3,0.209,0.275,0.341,0.616
Utley,Chase,PHI,2B,73,249,23,54,12,1,5,30,3,0,22,35,0,7,4,0.217,0.284,0.333,0.617
Joyce,Matt,LAA,OF,93,247,17,43,12,1,5,21,0,3,30,67,1,2,4,0.174,0.272,0.291,0.563
Span,Denard,WAS,OF,61,246,38,74,17,0,5,22,11,0,25,26,1,2,1,0.301,0.365,0.431,0.796
Schumaker,Skip,CIN,OF,131,244,23,59,20,0,1,21,2,2,23,51,0,1,0,0.242,0.306,0.336,0.642
Barnhart,Tucker,CIN,C,81,242,23,61,9,0,3,18,0,1,25,45,2,3,2,0.252,0.324,0.326,0.65
Orlando,Paulo,KC,OF,86,241,31,60,14,6,7,27,3,3,5,53,2,1,2,0.249,0.269,0.444,0.713
d'Arnaud,Travis,NYM,C,67,239,31,64,14,1,12,41,0,0,23,49,0,2,4,0.268,0.34,0.485,0.825
Saladino,Tyler,CWS,3B,68,236,33,53,6,4,4,20,8,2,12,51,3,1,2,0.225,0.267,0.335,0.602
Zobrist,Ben,OAK,2B,67,235,39,63,20,2,6,33,1,1,33,26,0,3,0,0.268,0.354,0.447,0.801
Blanco,Andres,PHI,2B,106,233,32,68,22,3,7,25,1,1,21,44,3,0,4,0.292,0.36,0.502,0.862
Chirinos,Robinson,TEX,C,78,233,33,54,16,1,10,34,0,0,28,62,5,2,5,0.232,0.325,0.438,0.763
Plawecki,Kevin,NYM,C,73,233,18,51,9,0,3,21,0,0,17,60,1,3,4,0.219,0.28,0.296,0.576
Piscotty,Stephen,STL,OF,63,233,29,71,15,4,7,39,2,1,20,56,0,2,1,0.305,0.359,0.494,0.853
Schwarber,Kyle,CHC,C,69,232,52,57,6,1,16,43,3,3,36,77,0,1,4,0.246,0.355,0.487,0.842
DeJesus,David,TB,OF,82,232,24,60,8,2,5,26,3,2,19,39,0,2,4,0.259,0.323,0.375,0.698
Zobrist,Ben,KC,2B,59,232,37,66,16,1,7,23,2,3,29,30,0,2,1,0.284,0.364,0.453,0.817
Rosario,Wilin,COL,1B,87,231,22,62,14,1,6,29,2,1,8,56,1,1,1,0.268,0.295,0.416,0.711
Perez,Hernan,MIL,3B,90,230,13,62,15,2,1,21,4,1,4,48,3,1,0,0.27,0.281,0.365,0.646
Lowrie,Jed,HOU,3B,69,230,35,51,14,0,9,30,1,0,28,43,0,2,3,0.222,0.312,0.4,0.712
Cespedes,Yoenis,NYM,OF,57,230,39,66,14,4,17,44,4,1,14,54,0,1,4,0.287,0.337,0.604,0.941
Holliday,Matt,STL,OF,73,229,24,64,16,1,4,35,2,1,39,49,0,3,6,0.279,0.394,0.41,0.804
Maldonado,Martin,MIL,C,79,229,19,48,7,0,4,22,0,1,23,65,1,2,1,0.21,0.282,0.293,0.575
Revere,Ben,TOR,OF,56,226,35,72,9,1,1,19,7,2,13,28,3,3,1,0.319,0.354,0.381,0.735
Shaw,Travis,BOS,1B,65,226,31,61,10,0,13,36,0,1,18,57,0,2,2,0.27,0.327,0.487,0.814
Myers,Wil,SD,1B,60,225,40,57,13,1,8,29,5,2,27,55,0,0,1,0.253,0.336,0.427,0.763
Phegley,Josh,OAK,C,73,225,27,56,16,1,9,34,0,0,14,51,0,1,3,0.249,0.3,0.449,0.749
Parra,Gerardo,BAL,OF,55,224,30,53,12,0,5,20,5,1,8,35,3,1,2,0.237,0.268,0.357,0.625
Dickerson,Corey,COL,OF,65,224,30,68,18,2,10,31,0,1,10,56,0,0,0,0.304,0.333,0.536,0.869
Rodriguez,Sean,PIT,1B,139,224,25,55,12,1,4,17,2,2,5,63,5,0,6,0.246,0.281,0.362,0.643
VanSlyke,Scott,LAD,OF,96,222,19,53,14,0,6,30,3,1,23,62,1,3,4,0.239,0.317,0.383,0.7
Bradley,Jackie,BOS,OF,74,221,43,55,17,4,10,43,3,0,27,69,1,3,3,0.249,0.335,0.498,0.833
Marte,Ketel,SEA,SS,57,219,25,62,14,3,2,17,8,4,24,43,2,2,0,0.283,0.351,0.402,0.753
Guerrero,Alex,LAD,OF,106,219,25,51,9,1,11,36,1,0,7,57,0,2,2,0.233,0.261,0.434,0.695
Travis,Devon,TOR,2B,62,217,38,66,18,0,8,35,3,1,18,43,0,1,2,0.304,0.361,0.498,0.859
Davis,Ike,OAK,1B,74,214,19,49,17,0,3,20,0,0,23,44,0,2,0,0.229,0.301,0.35,0.651
Denorfia,Chris,CHC,OF,103,212,18,57,11,1,3,18,0,1,15,56,2,1,1,0.269,0.319,0.373,0.692
Snider,Travis,BAL,OF,69,211,23,50,9,2,3,20,1,0,23,56,0,0,2,0.237,0.318,0.341,0.659
Beckham,Gordon,CWS,3B,100,211,24,44,8,0,6,20,0,1,19,43,1,4,2,0.209,0.275,0.332,0.607
Jay,Jon,STL,OF,79,210,25,44,5,1,1,10,0,2,19,36,3,2,11,0.21,0.306,0.257,0.563
Pence,Hunter,SF,OF,52,207,30,57,13,1,9,40,4,1,16,48,0,0,0,0.275,0.327,0.478,0.805
Barmes,Clint,SD,SS,98,207,24,48,14,1,3,16,0,1,10,55,3,0,4,0.232,0.281,0.353,0.634
Murphy,David,CLE,OF,84,206,22,61,12,1,5,27,0,1,16,29,1,4,1,0.296,0.344,0.437,0.781
UptonJr.,Melvin,SD,OF,87,205,23,53,12,4,5,17,9,3,21,62,2,0,0,0.259,0.327,0.429,0.756
Beckham,Tim,TB,SS,82,203,24,45,7,4,9,37,3,1,13,69,0,4,3,0.222,0.274,0.429,0.703
Hernandez,Enrique,LAD,OF,76,202,24,62,12,2,7,22,0,2,11,46,1,2,2,0.307,0.346,0.49,0.836
Peterson,Shane,MIL,OF,93,201,22,52,7,3,2,16,0,1,20,55,3,1,0,0.259,0.324,0.353,0.677
Conger,Hank,HOU,C,73,201,25,46,11,0,11,33,0,1,23,63,1,2,2,0.229,0.311,0.448,0.759
DeJesus,Ivan,CIN,2B,76,201,15,49,10,2,4,28,0,2,19,55,0,1,1,0.244,0.311,0.373,0.684
Dyson,Jarrod,KC,OF,90,200,31,50,8,6,2,18,26,3,14,37,6,1,4,0.25,0.311,0.38,0.691
Bourgeois,Jason,CIN,OF,68,196,28,47,5,2,3,14,3,1,14,33,1,0,1,0.24,0.294,0.332,0.626
Ramirez,Aramis,PIT,3B,56,196,18,48,13,1,6,33,0,0,15,26,0,2,1,0.245,0.299,0.413,0.712
Gomes,Jonny,ATL,OF,83,195,27,43,7,0,7,22,1,1,28,67,0,2,3,0.221,0.325,0.364,0.689
Bourjos,Peter,STL,OF,117,195,32,39,8,3,4,13,5,8,19,59,4,1,6,0.2,0.29,0.333,0.623
Cozart,Zack,CIN,SS,53,194,28,50,10,1,9,28,3,3,14,29,1,3,2,0.258,0.31,0.459,0.769
Reyes,Jose,COL,SS,47,193,21,50,8,2,3,19,8,4,9,24,5,1,0,0.259,0.291,0.368,0.659
Collins,Tyler,DET,OF,60,192,18,51,11,3,4,25,2,1,13,43,1,0,1,0.266,0.316,0.417,0.733
Garcia,Adonis,ATL,3B,58,191,20,53,12,0,10,26,0,0,5,35,0,2,0,0.277,0.293,0.497,0.79
Brown,Domonic,PHI,OF,63,189,19,43,6,1,5,25,3,1,14,36,0,0,1,0.228,0.284,0.349,0.633
Nunez,Eduardo,MIN,SS,72,188,23,53,14,1,4,20,8,4,12,29,2,1,1,0.282,0.327,0.431,0.758
Soto,Geovany,CWS,C,78,187,20,41,8,0,9,21,0,1,21,63,1,0,1,0.219,0.301,0.406,0.707
Moore,Tyler,WAS,1B,97,187,14,38,12,0,6,27,0,0,11,45,0,1,1,0.203,0.25,0.364,0.614
Ackley,Dustin,SEA,OF,85,186,22,40,8,1,6,19,2,2,14,38,3,3,1,0.215,0.27,0.366,0.636
Jaso,John,TB,DH,70,185,23,53,17,0,5,22,1,2,28,39,0,2,1,0.286,0.38,0.459,0.839
Descalso,Daniel,COL,SS,101,185,22,38,3,2,5,22,1,2,20,45,4,0,0,0.205,0.283,0.324,0.607
Romine,Andrew,DET,3B,109,184,25,47,5,0,2,15,10,5,11,46,4,1,3,0.255,0.307,0.315,0.622
Perez,Roberto,CLE,C,70,184,30,42,9,1,7,21,0,0,33,64,5,2,2,0.228,0.348,0.402,0.75
Valencia,Danny,OAK,3B,47,183,33,52,10,1,11,37,0,1,20,40,0,1,1,0.284,0.356,0.53,0.886
Johnson,Kelly,ATL,2B,62,182,20,50,5,0,9,34,1,1,13,43,0,1,0,0.275,0.321,0.451,0.772
Crawford,Carl,LAD,OF,69,181,19,48,9,2,4,16,10,2,10,41,0,0,0,0.265,0.304,0.403,0.707
Ellis,A.J.,LAD,C,63,181,24,43,9,0,7,21,0,0,32,38,3,0,1,0.238,0.355,0.403,0.758
Robinson,Shane,MIN,OF,83,180,28,45,7,3,0,16,6,1,12,29,3,1,1,0.25,0.299,0.322,0.621
Avila,Alex,DET,C,67,178,21,34,5,0,4,13,0,1,40,66,1,0,0,0.191,0.339,0.287,0.626
Almonte,Abraham,CLE,OF,51,178,30,47,9,5,5,20,6,0,16,33,0,2,0,0.264,0.321,0.455,0.776
Tomlinson,Kelby,SF,2B,54,178,23,54,6,3,2,20,5,4,14,40,0,0,1,0.303,0.358,0.404,0.762
Vargas,Kennys,MIN,DH,58,175,18,42,4,0,5,17,0,0,9,54,0,0,0,0.24,0.277,0.349,0.626
Adams,Matt,STL,1B,60,175,14,42,9,0,5,24,1,0,10,41,0,1,0,0.24,0.28,0.377,0.657
Sizemore,Grady,TB,OF,58,175,20,45,12,0,6,27,3,3,14,37,0,1,2,0.257,0.318,0.429,0.747
Trumbo,Mark,ARI,OF,46,174,23,45,10,3,9,23,0,0,10,39,0,0,0,0.259,0.299,0.506,0.805
Young,Delmon,BAL,OF,52,174,20,47,6,0,2,16,0,0,4,29,0,1,1,0.27,0.289,0.339,0.628
Hanigan,Ryan,BOS,C,54,174,28,43,8,0,2,16,0,0,20,39,1,1,4,0.247,0.337,0.328,0.665
Conforto,Michael,NYM,OF,56,174,30,47,14,0,9,26,0,1,17,39,0,2,1,0.27,0.335,0.506,0.841
Raburn,Ryan,CLE,OF,82,173,22,52,16,1,8,29,0,0,23,44,0,1,4,0.301,0.393,0.543,0.936
Campbell,Eric,NYM,3B,71,173,28,34,8,0,3,19,5,3,26,37,1,2,4,0.197,0.312,0.295,0.607
Gillaspie,Conor,CWS,3B,58,173,10,41,11,1,3,15,0,1,9,34,0,2,1,0.237,0.276,0.364,0.64
Carrera,Ezequiel,TOR,OF,91,172,27,47,8,0,3,26,2,1,11,45,5,2,2,0.273,0.321,0.372,0.693
Saltalamacchia,Jarrod,ARI,C,70,171,23,43,14,0,8,23,0,0,19,57,1,1,2,0.251,0.332,0.474,0.806
Gutierrez,Franklin,SEA,OF,59,171,27,50,11,0,15,35,0,0,14,54,0,1,3,0.292,0.354,0.62,0.974
Navarro,Dioner,TOR,C,54,171,17,42,7,0,5,20,0,0,17,29,0,4,0,0.246,0.307,0.374,0.681
Hamilton,Josh,TEX,OF,50,170,22,43,8,0,8,25,0,0,10,52,0,2,0,0.253,0.291,0.441,0.732
Reimold,Nolan,BAL,OF,61,170,24,42,5,1,6,20,0,0,23,47,0,0,2,0.247,0.344,0.394,0.738
Morneau,Justin,COL,1B,49,168,19,52,10,3,3,15,0,0,13,25,0,0,1,0.31,0.363,0.458,0.821
Tulowitzki,Troy,TOR,SS,41,163,31,39,8,0,5,17,1,0,14,42,0,1,5,0.239,0.317,0.38,0.697
Valencia,Danny,TOR,3B,58,162,26,48,13,0,7,29,2,1,9,40,1,1,0,0.296,0.331,0.506,0.837
DeAza,Alejandro,BOS,OF,60,161,23,47,9,5,4,25,3,1,12,36,2,1,2,0.292,0.347,0.484,0.831
Morse,Michael,MIA,1B,53,160,8,34,4,0,4,12,0,0,12,55,0,0,2,0.213,0.276,0.313,0.589
Ross,David,CHC,C,72,159,6,28,9,0,1,9,1,0,20,61,2,1,0,0.176,0.267,0.252,0.519
Stewart,Chris,PIT,C,58,159,9,46,8,0,0,15,0,0,6,29,3,2,2,0.289,0.32,0.34,0.66
Bird,Greg,NYY,1B,46,157,26,41,9,0,11,31,0,0,19,53,0,1,1,0.261,0.343,0.529,0.872
Bethancourt,Christian,ATL,C,48,155,16,31,8,0,2,12,1,1,5,33,0,0,0,0.2,0.225,0.29,0.515
Murphy,JohnRyan,NYY,C,67,155,21,43,9,1,3,14,0,0,12,43,1,3,1,0.277,0.327,0.406,0.733
Murphy,David,LAA,OF,48,155,16,41,6,0,5,23,0,1,4,20,0,1,0,0.265,0.281,0.4,0.681
Featherston,Taylor,LAA,2B,101,154,23,25,5,1,2,9,4,2,7,46,4,1,3,0.162,0.212,0.247,0.459
Johnson,Chris,ATL,3B,56,153,12,36,7,0,2,11,2,1,7,49,0,1,1,0.235,0.272,0.32,0.592
Pham,Tommy,STL,OF,52,153,28,41,7,5,5,18,2,0,19,41,0,1,0,0.268,0.347,0.477,0.824
Wright,David,NYM,3B,38,152,24,44,7,0,5,17,2,1,22,36,0,0,0,0.289,0.379,0.434,0.813
Rogers,Jason,MIL,1B,86,152,22,45,6,2,4,16,0,0,15,34,0,0,2,0.296,0.367,0.441,0.808
Uribe,Juan,ATL,3B,46,151,17,43,6,0,7,17,1,0,15,37,0,0,1,0.285,0.353,0.464,0.817
Gomez,Carlos,HOU,OF,41,149,19,36,9,0,4,13,10,3,8,31,3,1,2,0.242,0.288,0.383,0.671
Byrd,Marlon,SF,OF,39,147,12,40,12,2,4,31,0,0,6,44,0,2,1,0.272,0.301,0.463,0.764
Gillespie,Cole,MIA,OF,67,145,17,42,10,2,2,16,4,1,10,27,1,1,0,0.29,0.333,0.428,0.761
Jones,Garrett,NYY,1B,57,144,12,31,4,1,5,17,0,0,8,37,0,0,0,0.215,0.257,0.361,0.618
Shuck,J.B.,CWS,OF,79,143,15,38,8,2,0,15,7,5,16,16,3,2,1,0.266,0.34,0.35,0.69
Cruz,Tony,STL,C,69,142,6,29,7,1,2,11,0,0,6,32,2,1,0,0.204,0.235,0.31,0.545
Ciriaco,Pedro,ATL,3B,84,142,14,37,8,1,1,15,4,2,2,38,2,3,2,0.261,0.275,0.352,0.627
Rojas,Miguel,MIA,SS,60,142,13,40,7,1,1,17,0,1,11,16,2,2,0,0.282,0.329,0.366,0.695
Elmore,Jake,TB,1B,51,141,10,29,5,0,2,16,1,1,12,25,2,3,0,0.206,0.263,0.284,0.547
Hedges,Austin,SD,C,56,137,13,23,2,0,3,11,0,0,8,38,3,3,1,0.168,0.215,0.248,0.463
Altherr,Aaron,PHI,OF,39,137,25,33,11,4,5,22,6,2,16,41,1,2,5,0.241,0.338,0.489,0.827
Lobaton,Jose,WAS,C,44,136,11,27,4,0,3,20,0,0,15,40,1,2,1,0.199,0.279,0.294,0.573
Bourn,Michael,ATL,OF,46,136,10,30,3,1,0,11,4,2,17,31,1,2,0,0.221,0.303,0.257,0.56
Pennington,Cliff,ARI,SS,72,135,15,32,3,0,1,10,3,0,16,29,4,2,0,0.237,0.314,0.281,0.595
Lough,David,BAL,OF,84,134,14,27,1,1,4,12,2,4,5,36,3,0,2,0.201,0.241,0.313,0.554
Susac,Andrew,SF,C,52,133,14,29,7,2,3,14,0,0,14,43,0,0,1,0.218,0.297,0.368,0.665
Moss,Brandon,STL,OF,51,132,11,33,7,1,4,8,0,1,17,42,0,0,2,0.25,0.344,0.409,0.753
Buxton,Byron,MIN,OF,46,129,16,27,7,1,2,6,2,2,6,44,2,0,1,0.209,0.25,0.326,0.576
Gosewisch,Tuffy,ARI,C,38,128,9,27,6,0,1,13,2,1,8,23,0,1,1,0.211,0.261,0.281,0.542
Johnson,Kelly,NYM,2B,49,128,18,32,6,0,5,13,1,0,10,38,0,0,0,0.25,0.304,0.414,0.718
Uribe,Juan,NYM,3B,44,128,17,28,9,0,6,20,0,0,14,34,0,0,1,0.219,0.301,0.43,0.731
McGehee,Casey,SF,3B,49,127,7,27,5,0,2,11,0,1,11,28,0,0,0,0.213,0.275,0.299,0.574
McKenry,Mike,COL,C,58,127,20,26,7,3,4,17,2,2,22,41,0,1,2,0.205,0.329,0.402,0.731
Gomez,Hector,MIL,2B,66,127,15,23,11,2,1,7,0,0,3,40,2,0,2,0.181,0.212,0.323,0.535
Ynoa,Rafael,COL,2B,72,127,14,33,8,1,0,9,1,0,3,28,1,0,0,0.26,0.277,0.339,0.616
Sucre,Jesus,SEA,C,52,127,9,20,6,0,1,7,0,0,6,21,9,0,0,0.157,0.195,0.228,0.423
Herrera,Jonathan,CHC,2B,73,126,14,29,5,1,2,14,3,0,2,23,4,0,0,0.23,0.242,0.333,0.575
Crisp,Coco,OAK,OF,44,126,11,22,6,0,0,6,2,0,13,25,0,0,0,0.175,0.252,0.222,0.474
Utley,Chase,LAD,2B,34,124,14,25,9,1,3,9,1,0,10,29,0,1,6,0.202,0.291,0.363,0.654
Callaspo,Alberto,LAD,3B,60,123,8,32,5,0,0,7,0,0,14,24,1,0,0,0.26,0.336,0.301,0.637
Sands,Jerry,CLE,OF,50,123,11,29,5,1,4,19,0,0,9,36,0,1,0,0.236,0.286,0.39,0.676
Schafer,Logan,MIL,OF,69,122,17,27,6,1,1,6,1,0,12,29,6,1,2,0.221,0.299,0.311,0.61
Thompson,Trayce,CWS,OF,44,122,17,36,8,3,5,16,1,0,13,26,0,0,0,0.295,0.363,0.533,0.896
Santana,Domingo,MIL,OF,38,121,14,28,5,0,6,18,2,0,18,46,0,2,4,0.231,0.345,0.421,0.766
Uggla,Dan,WAS,2B,67,120,12,22,4,2,2,16,0,1,19,40,0,1,1,0.183,0.298,0.3,0.598
Perez,Eury,ATL,OF,47,119,10,32,4,0,0,5,3,1,7,23,3,0,4,0.269,0.331,0.303,0.634
Swisher,Nick,ATL,OF,46,118,8,23,5,0,4,17,0,0,27,30,0,2,2,0.195,0.349,0.339,0.688
Villar,Jonathan,HOU,SS,53,116,18,33,7,1,2,11,7,2,10,29,1,1,0,0.284,0.339,0.414,0.753
Rosales,Adam,TEX,2B,55,114,14,26,4,0,3,7,4,4,10,30,0,0,1,0.228,0.296,0.342,0.638
Leon,Sandy,BOS,C,41,114,8,21,2,0,0,3,0,1,7,28,6,0,1,0.184,0.238,0.202,0.44
Adrianza,Ehire,SF,SS,52,113,11,21,7,1,0,11,3,2,15,20,2,0,4,0.186,0.303,0.265,0.568
Montero,Jesus,SEA,1B,38,112,11,25,6,0,5,19,0,0,4,32,0,0,0,0.223,0.25,0.411,0.661
Mayberry,John,NYM,OF,59,110,8,18,6,1,3,9,1,0,9,33,0,0,0,0.164,0.227,0.318,0.545
McGehee,Casey,MIA,3B,60,110,7,20,7,0,0,9,1,0,10,22,0,0,0,0.182,0.25,0.245,0.495
Gallo,Joey,TEX,OF,36,108,16,22,3,1,6,14,3,0,15,57,0,0,0,0.204,0.301,0.417,0.718
Callaspo,Alberto,ATL,3B,37,107,12,22,2,0,1,8,0,0,14,10,0,2,0,0.206,0.293,0.252,0.545
Corporan,Carlos,TEX,C,33,107,10,19,4,0,3,15,0,0,6,40,2,2,4,0.178,0.244,0.299,0.543
Colon,Christian,KC,SS,43,107,8,31,5,0,0,6,3,2,11,17,1,0,0,0.29,0.356,0.336,0.692
Parker,Kyle,COL,OF,46,106,10,19,3,1,3,11,1,0,6,37,0,0,0,0.179,0.223,0.311,0.534
Nieuwenhuis,Kirk,NYM,OF,64,106,17,22,9,0,4,13,2,1,8,40,0,0,3,0.208,0.282,0.406,0.688
Smolinski,Jake,OAK,OF,41,106,12,24,6,2,5,20,0,1,8,19,0,2,2,0.226,0.288,0.462,0.75
Mahtook,Mikie,TB,OF,41,105,22,31,5,1,9,19,4,3,6,31,1,0,3,0.295,0.351,0.619,0.97
Herrmann,Chris,MIN,C,45,103,13,15,5,1,2,10,0,0,7,37,1,0,2,0.146,0.214,0.272,0.486
DeAza,Alejandro,BAL,OF,30,103,16,22,4,1,3,7,2,2,7,34,0,0,2,0.214,0.277,0.359,0.636
Stubbs,Drew,COL,OF,51,102,14,22,3,2,5,10,2,1,9,50,2,0,1,0.216,0.286,0.431,0.717
Muncy,Max,OAK,1B,45,102,14,21,8,1,3,9,0,0,9,31,0,1,0,0.206,0.268,0.392,0.66
Casali,Curt,TB,C,38,101,13,24,6,0,10,18,0,0,8,34,1,1,2,0.238,0.304,0.594,0.898
Clevenger,Steve,BAL,C,30,101,11,29,4,2,2,15,0,0,4,13,0,0,0,0.287,0.314,0.426,0.74
Swisher,Nick,CLE,OF,30,101,6,20,4,0,2,8,0,0,8,24,0,1,1,0.198,0.261,0.297,0.558
Franklin,Nick,TB,2B,44,101,11,16,4,1,3,7,1,0,7,37,1,0,0,0.158,0.213,0.307,0.52
Johnson,Micah,CWS,2B,36,100,10,23,4,0,0,4,3,2,9,30,2,0,2,0.23,0.306,0.27,0.576
Alberto,Hanser,TEX,2B,41,99,12,22,2,1,0,4,1,0,2,17,3,0,0,0.222,0.238,0.263,0.501
denDekker,Matt,WAS,OF,55,99,12,25,6,1,5,12,0,1,9,20,2,0,0,0.253,0.315,0.485,0.8
Kozma,Pete,STL,SS,76,99,15,15,0,0,0,2,3,1,10,21,1,0,1,0.152,0.236,0.152,0.388
Sizemore,Grady,PHI,OF,39,98,4,24,5,0,0,6,0,0,6,23,0,0,0,0.245,0.288,0.296,0.584
Gimenez,Chris,TEX,C,36,98,19,25,6,1,5,14,2,0,10,19,4,0,1,0.255,0.33,0.49,0.82
Seager,Corey,LAD,SS,27,98,17,33,8,1,4,17,2,0,14,19,0,0,1,0.337,0.425,0.561,0.986
Jennings,Desmond,TB,OF,28,97,9,26,2,1,1,7,5,3,8,17,0,2,1,0.268,0.324,0.34,0.664
Sardinas,Luis,MIL,2B,36,97,8,19,0,1,0,4,0,0,6,25,1,1,0,0.196,0.24,0.216,0.456
Parmelee,Chris,BAL,1B,32,97,11,21,7,1,4,9,0,1,4,26,0,0,1,0.216,0.255,0.433,0.688
Ryan,Brendan,NYY,2B,47,96,10,22,6,2,0,8,0,0,5,29,1,0,1,0.229,0.275,0.333,0.608
Cabrera,Everth,BAL,SS,29,96,7,20,2,0,0,4,2,0,5,22,1,2,1,0.208,0.25,0.229,0.479
Wallace,Brett,SD,1B,64,96,14,29,6,0,5,16,0,0,10,31,0,0,1,0.302,0.374,0.521,0.895
Castro,Daniel,ATL,2B,33,96,14,23,2,1,2,5,0,0,3,15,1,0,0,0.24,0.263,0.344,0.607
Taylor,Chris,SEA,SS,37,94,9,16,3,1,0,1,3,2,6,31,2,0,0,0.17,0.22,0.223,0.443
Pompey,Dalton,TOR,OF,34,94,17,21,8,0,2,6,5,1,7,23,0,0,2,0.223,0.291,0.372,0.663
Victorino,Shane,BOS,OF,33,94,10,23,2,0,1,4,5,0,9,14,1,0,2,0.245,0.324,0.298,0.622
Mathis,Jeff,MIA,C,32,93,9,15,4,1,2,12,0,0,7,24,0,3,0,0.161,0.214,0.29,0.504
Negron,Kris,CIN,OF,43,93,5,13,2,0,0,2,2,0,9,23,2,0,3,0.14,0.238,0.161,0.399
Solano,Donovan,MIA,3B,55,90,6,17,3,1,0,7,0,0,1,18,1,0,2,0.189,0.215,0.244,0.459
Johnson,Chris,CLE,3B,27,90,6,26,4,0,1,7,0,0,3,25,0,0,0,0.289,0.312,0.367,0.679
Herrera,Dilson,NYM,2B,31,90,7,19,3,1,3,6,2,0,11,23,0,0,2,0.211,0.311,0.367,0.678
Jankowski,Travis,SD,OF,34,90,9,19,2,2,2,12,2,1,4,24,2,0,0,0.211,0.245,0.344,0.589
Boesch,Brennan,CIN,OF,51,89,4,13,2,0,1,5,1,0,4,30,0,0,1,0.146,0.191,0.202,0.393
Butera,Drew,KC,C,45,86,6,17,3,0,1,5,0,0,6,24,5,0,2,0.198,0.266,0.267,0.533
Cunningham,Todd,ATL,OF,39,86,13,19,4,0,0,4,2,1,5,17,0,0,2,0.221,0.28,0.267,0.547
Sweeney,Darnell,PHI,OF,37,85,9,15,4,1,3,11,0,2,13,27,0,0,0,0.176,0.286,0.353,0.639
Victorino,Shane,LAA,OF,38,84,9,18,2,2,0,3,2,0,7,18,2,2,3,0.214,0.292,0.286,0.578
Weeks,Rickie,SEA,OF,37,84,7,14,1,0,2,9,0,0,9,25,0,0,2,0.167,0.263,0.25,0.513
Navarro,Efren,LAA,1B,54,83,9,21,4,0,0,5,0,2,5,16,0,0,0,0.253,0.295,0.301,0.596
Rua,Ryan,TEX,OF,28,83,10,16,5,0,4,7,0,0,3,32,0,0,0,0.193,0.221,0.398,0.619
Uribe,Juan,LAD,3B,29,81,6,20,2,0,1,6,1,0,5,9,0,1,0,0.247,0.287,0.309,0.596
Recker,Anthony,NYM,C,32,80,6,10,1,0,2,5,1,0,11,35,0,0,1,0.125,0.239,0.213,0.452
Marte,Jefry,DET,1B,33,80,9,17,4,0,4,11,0,0,8,22,2,0,0,0.213,0.284,0.413,0.697
Olivera,Hector,ATL,3B,24,79,4,20,4,1,2,11,0,0,5,12,0,1,2,0.253,0.31,0.405,0.715
Craig,Allen,BOS,OF,36,79,6,12,1,0,1,3,0,0,7,26,0,0,2,0.152,0.239,0.203,0.442
Olt,Mike,CWS,3B,24,79,6,16,0,0,3,4,0,1,7,29,0,0,0,0.203,0.267,0.316,0.583
Napoli,Mike,TEX,1B,35,78,9,23,2,0,5,10,0,2,12,19,0,0,1,0.295,0.396,0.513,0.909
Bonifacio,Emilio,CWS,2B,47,78,5,13,2,0,0,4,1,4,2,27,1,0,1,0.167,0.198,0.192,0.39
YoungJr.,Eric,ATL,OF,35,77,7,13,4,2,0,5,3,0,6,17,2,0,0,0.169,0.229,0.273,0.502
Wilson,Bobby,TEX,C,31,77,5,17,5,0,1,10,0,1,7,19,2,1,1,0.221,0.291,0.325,0.616
Baez,Javier,CHC,2B,28,76,4,22,6,0,1,4,1,2,4,24,0,0,0,0.289,0.325,0.408,0.733
Garcia,Greg,STL,SS,49,75,7,18,5,0,2,4,0,0,10,12,1,0,1,0.24,0.337,0.387,0.724
Pennington,Cliff,TOR,SS,33,75,9,12,3,0,2,11,0,0,11,20,3,2,1,0.16,0.27,0.28,0.55
Robertson,Dan,LAA,OF,37,75,10,21,2,0,0,7,0,0,2,7,3,0,0,0.28,0.299,0.307,0.606
Pirela,Jose,NYY,2B,37,74,7,17,3,0,1,5,1,0,2,16,1,1,0,0.23,0.247,0.311,0.558
Shaffer,Richie,TB,3B,31,74,11,14,3,0,4,6,0,1,10,32,0,1,3,0.189,0.307,0.392,0.699
Rutledge,Josh,BOS,2B,39,74,11,21,1,0,1,10,0,0,5,26,1,3,2,0.284,0.333,0.338,0.671
Nava,Daniel,TB,OF,31,73,7,17,2,0,1,3,1,0,12,19,0,0,3,0.233,0.364,0.301,0.665
Szczur,Matt,CHC,OF,47,72,5,16,5,0,1,8,2,0,6,15,1,1,0,0.222,0.278,0.333,0.611
Jackson,Austin,CHC,OF,29,72,10,17,7,0,1,10,2,1,5,19,0,0,2,0.236,0.304,0.375,0.679
Baker,Jeff,MIA,2B,41,72,11,15,3,0,3,8,0,0,8,25,0,0,0,0.208,0.288,0.375,0.663
Arencibia,J.P.,TB,C,24,71,9,22,3,0,6,17,0,0,1,22,0,1,0,0.31,0.315,0.606,0.921
Ruggiano,Justin,SEA,OF,36,70,8,15,4,0,2,3,3,2,11,27,0,0,0,0.214,0.321,0.357,0.678
Peguero,Carlos,TEX,OF,30,70,10,13,4,0,4,9,2,0,12,36,0,1,1,0.186,0.31,0.414,0.724
Garneau,Dustin,COL,C,22,70,6,11,3,0,2,8,0,0,6,14,0,0,0,0.157,0.224,0.286,0.51
Cowgill,Collin,LAA,OF,55,69,10,13,2,1,1,2,2,1,4,19,1,0,0,0.188,0.233,0.29,0.523
Schafer,Jordan,MIN,OF,27,69,9,15,3,0,0,5,0,3,3,23,2,0,0,0.217,0.25,0.261,0.511
Bloomquist,Willie,SEA,2B,35,69,2,11,1,0,0,4,1,1,2,13,0,0,1,0.159,0.194,0.174,0.368
Morse,Mike,PIT,1B,45,69,6,19,3,1,1,7,0,0,11,21,0,0,2,0.275,0.39,0.391,0.781
Ceciliani,Darrell,NYM,OF,39,68,5,14,2,0,1,3,5,1,4,25,0,0,2,0.206,0.27,0.279,0.549
Machado,Dixon,DET,SS,24,68,6,16,3,0,0,5,1,0,7,14,3,0,0,0.235,0.307,0.279,0.586
LaStella,Tommy,CHC,2B,33,67,4,18,6,0,1,11,2,0,5,7,0,1,1,0.269,0.324,0.403,0.727
Blanks,Kyle,TEX,1B,18,67,10,21,5,0,3,6,1,0,4,20,0,0,0,0.313,0.352,0.522,0.874
Venable,Will,TEX,OF,37,66,6,12,3,0,0,3,5,0,12,21,2,0,2,0.182,0.325,0.227,0.552
Gosselin,Phil,ARI,2B,24,66,17,20,5,1,3,13,0,1,7,11,0,1,2,0.303,0.382,0.545,0.927
Pacheco,Jordan,ARI,C,29,66,8,16,0,0,2,8,1,0,9,14,0,2,1,0.242,0.333,0.333,0.666
Nava,Daniel,BOS,OF,29,66,6,10,2,0,0,7,0,0,8,17,1,1,2,0.152,0.26,0.182,0.442
Lavarnway,Ryan,ATL,C,27,66,5,15,5,0,2,6,0,0,8,21,0,0,0,0.227,0.311,0.394,0.705
Gillaspie,Conor,LAA,3B,17,64,4,13,4,1,1,9,0,0,4,13,0,0,0,0.203,0.25,0.344,0.594
Holaday,Bryan,DET,C,24,64,3,18,5,0,2,13,0,0,1,13,0,0,0,0.281,0.292,0.453,0.745
Duvall,Adam,CIN,OF,27,64,6,14,2,0,5,9,0,0,6,26,0,0,2,0.219,0.306,0.484,0.79
DeAza,Alejandro,SF,OF,24,61,12,16,4,1,0,3,2,2,12,14,0,1,1,0.262,0.387,0.361,0.748
Smolinski,Jake,TEX,OF,35,60,12,8,1,0,1,6,1,0,11,20,0,2,1,0.133,0.27,0.2,0.47
Bogusevic,Brian,PHI,OF,22,58,9,15,3,0,2,5,2,0,3,21,0,0,0,0.259,0.295,0.414,0.709
Arias,Joaquin,SF,SS,40,58,5,12,1,0,1,4,1,0,0,12,1,0,0,0.207,0.207,0.276,0.483
Ishikawa,Travis,PIT,1B,38,58,5,13,3,0,1,8,0,0,8,17,0,0,0,0.224,0.318,0.328,0.646
Arcia,Oswaldo,MIN,OF,19,58,6,16,0,0,2,8,0,0,4,15,0,1,2,0.276,0.338,0.379,0.717
Lake,Junior,CHC,OF,21,58,2,13,4,0,1,5,4,0,4,20,0,0,0,0.224,0.274,0.345,0.619
Baxter,Mike,CHC,OF,34,57,6,14,1,0,0,2,0,0,7,14,0,0,2,0.246,0.348,0.263,0.611
DeJesus,David,LAA,OF,30,56,3,7,1,0,0,4,0,0,2,13,0,0,2,0.125,0.183,0.143,0.326
Drury,Brandon,ARI,3B,20,56,3,12,3,0,2,8,0,0,2,8,0,0,1,0.214,0.254,0.375,0.629
Terdoslavich,Joey,ATL,1B,28,56,5,12,4,1,1,4,0,0,3,14,0,0,0,0.214,0.254,0.375,0.629
Sanchez,Hector,SF,C,28,56,5,10,4,0,1,5,0,0,2,14,1,0,0,0.179,0.207,0.304,0.511
Heisey,Chris,LAD,OF,33,55,8,10,2,0,2,9,0,1,15,17,0,2,0,0.182,0.347,0.327,0.674
Wilson,Bobby,TB,C,25,55,3,8,0,0,0,4,0,0,4,20,0,0,0,0.145,0.203,0.145,0.348
Ruggiano,Justin,LAD,OF,21,55,12,16,4,1,4,12,2,0,3,14,0,0,2,0.291,0.35,0.618,0.968
Hart,Corey,PIT,1B,35,54,3,12,1,0,2,9,0,0,1,19,0,1,1,0.222,0.246,0.352,0.598
Almonte,Abraham,SD,OF,31,54,6,11,3,0,0,4,1,1,5,19,3,0,0,0.204,0.271,0.259,0.53
Adames,Cristhian,COL,SS,26,53,4,13,1,1,0,3,0,1,3,11,1,0,1,0.245,0.298,0.302,0.6
Marrero,Deven,BOS,3B,25,53,8,12,0,0,1,3,2,1,3,19,0,0,0,0.226,0.268,0.283,0.551
Ackley,Dustin,NYY,OF,23,52,6,15,3,2,4,11,0,0,4,7,0,1,0,0.288,0.333,0.654,0.987
Gentry,Craig,OAK,OF,26,50,6,6,0,2,0,3,1,1,4,15,0,1,1,0.12,0.196,0.2,0.396
Thole,Josh,TOR,C,18,49,5,10,2,0,0,2,0,0,3,9,0,0,0,0.204,0.25,0.245,0.495
Grossman,Robbie,HOU,OF,24,49,7,7,2,0,1,5,0,0,5,17,0,0,0,0.143,0.222,0.245,0.467
Parker,Jarrett,SF,OF,21,49,11,17,2,0,6,14,1,1,5,21,0,0,0,0.347,0.407,0.755,1.162
Monell,Johnny,NYM,C,27,48,5,8,2,0,0,4,0,0,4,13,0,0,0,0.167,0.231,0.208,0.439
Singleton,Jonathan,HOU,1B,19,47,6,9,2,0,1,6,1,0,10,17,0,1,0,0.191,0.328,0.298,0.626
Cowart,Kaleb,LAA,3B,34,46,8,8,2,0,1,4,1,1,5,19,1,0,0,0.174,0.255,0.283,0.538
Cuthbert,Cheslor,KC,3B,19,46,6,10,2,1,1,8,0,0,4,9,0,0,0,0.217,0.28,0.37,0.65
Strausborger,Ryan,TEX,OF,31,45,9,9,0,0,1,3,2,1,3,11,1,2,0,0.2,0.24,0.267,0.507
Mesoraco,Devin,CIN,C,23,45,2,8,1,1,0,2,1,0,5,9,0,0,1,0.178,0.275,0.244,0.519
Castillo,Welington,CHC,C,24,43,5,7,2,0,2,5,0,0,3,12,0,0,1,0.163,0.234,0.349,0.583
Refsnyder,Rob,NYY,2B,16,43,3,13,3,0,2,5,2,0,3,7,0,0,0,0.302,0.348,0.512,0.86
Scruggs,Xavier,STL,1B,17,42,5,11,2,0,0,7,1,0,0,10,0,0,1,0.262,0.279,0.31,0.589
O'Malley,Shawn,SEA,OF,24,42,10,11,1,0,1,7,3,0,12,14,2,1,0,0.262,0.418,0.357,0.775
Green,Grant,LAA,2B,21,42,6,8,0,0,1,3,0,1,2,14,0,0,0,0.19,0.227,0.262,0.489
Petit,Gregorio,NYY,2B,20,42,7,7,3,0,0,5,0,0,3,16,1,1,0,0.167,0.217,0.238,0.455
McBride,Matt,COL,OF,20,42,5,7,0,0,0,0,0,0,0,4,0,0,1,0.167,0.186,0.167,0.353
Tolleson,Steve,TOR,2B,19,41,9,11,5,1,0,3,2,0,4,9,0,0,0,0.268,0.333,0.439,0.772
Field,Tommy,TEX,2B,14,41,6,8,1,0,2,5,1,0,2,16,1,0,1,0.195,0.25,0.366,0.616
Gosselin,Phil,ATL,2B,20,40,2,13,4,0,0,2,2,0,2,5,0,0,0,0.325,0.357,0.425,0.782
Turner,Trea,WAS,SS,27,40,5,9,1,0,1,1,2,2,4,12,0,0,0,0.225,0.295,0.325,0.62
Brown,Trevor,SF,C,13,39,1,9,3,0,0,5,1,1,3,8,0,1,0,0.231,0.279,0.308,0.587
Perez,JuanC.,SF,OF,22,39,5,11,3,0,0,2,1,0,1,6,0,0,0,0.282,0.3,0.359,0.659
Santana,Domingo,HOU,OF,14,39,6,10,2,0,2,8,2,1,2,17,0,0,1,0.256,0.31,0.462,0.772
Tabata,Jose,PIT,OF,27,38,2,11,0,0,0,4,0,1,2,7,0,0,1,0.289,0.341,0.289,0.63
Wilson,Josh,DET,2B,21,38,4,12,3,0,0,5,0,0,0,15,1,0,2,0.316,0.35,0.395,0.745
Kubitza,Kyle,LAA,3B,19,36,6,7,0,0,0,1,0,0,3,15,0,0,0,0.194,0.256,0.194,0.45
Schebler,Scott,LAD,OF,19,36,6,9,0,0,3,4,2,1,3,13,0,0,1,0.25,0.325,0.5,0.825
Murphy,Tom,COL,C,11,35,5,9,1,0,3,9,0,0,4,10,0,0,0,0.257,0.333,0.543,0.876
Maile,Luke,TB,C,15,35,2,6,3,0,0,2,0,0,0,8,0,0,0,0.171,0.171,0.257,0.428
Krauss,Marc,LAA,1B,11,35,2,5,2,0,1,5,0,0,3,11,0,0,0,0.143,0.211,0.286,0.497
Janish,Paul,BAL,SS,14,35,4,10,3,0,0,3,0,0,0,3,0,1,0,0.286,0.278,0.371,0.649
Urrutia,Henry,BAL,OF,10,34,3,9,1,0,1,6,0,0,2,3,0,0,0,0.265,0.306,0.382,0.688
Brantly,Rob,CWS,C,14,33,3,4,1,0,1,6,0,0,2,8,0,1,0,0.121,0.167,0.242,0.409
Perez,Hernan,DET,3B,22,33,1,2,0,0,0,0,1,0,1,11,0,0,0,0.061,0.088,0.061,0.149
Krauss,Marc,DET,1B,12,33,1,5,0,0,1,2,0,0,0,13,0,0,0,0.152,0.152,0.242,0.394
Brito,Socrates,ARI,OF,18,33,5,10,3,1,0,1,1,0,1,7,0,0,0,0.303,0.324,0.455,0.779
Williamson,Mac,SF,OF,10,32,2,7,0,1,0,1,0,0,0,8,0,1,1,0.219,0.235,0.281,0.516
Hicks,John,SEA,C,17,32,1,2,1,0,0,1,1,1,1,18,1,0,0,0.063,0.091,0.094,0.185
Flores,Ramon,NYY,OF,12,32,3,7,1,0,0,0,0,0,0,4,1,0,0,0.219,0.219,0.25,0.469
Hayes,Brett,CLE,C,14,32,4,5,0,0,3,6,0,0,3,7,1,0,0,0.156,0.229,0.438,0.667
Saunders,Michael,TOR,OF,9,31,2,6,0,0,0,3,0,0,5,10,0,0,0,0.194,0.306,0.194,0.5
Dykstra,Allan,TB,1B,13,31,3,4,0,0,1,4,0,0,6,12,0,0,1,0.129,0.289,0.226,0.515
Hernandez,Oscar,ARI,C,18,31,4,5,1,0,0,1,0,0,3,15,1,0,1,0.161,0.257,0.194,0.451
Blair,Carson,OAK,C,11,31,3,4,0,0,1,3,0,0,4,18,0,0,0,0.129,0.229,0.226,0.455
Dorn,Danny,ARI,OF,23,30,0,5,1,0,0,3,0,0,2,10,0,0,0,0.167,0.219,0.2,0.419
Walters,Zach,CLE,OF,12,30,0,4,0,0,0,3,0,0,0,15,0,0,0,0.133,0.133,0.133,0.266
Martinez,Michael,CLE,OF,16,30,7,8,2,0,0,2,0,1,1,12,1,0,0,0.267,0.29,0.333,0.623
Cabrera,Ramon,CIN,C,13,30,4,11,1,0,1,3,0,0,0,5,0,0,0,0.367,0.367,0.5,0.867
Gomes,Jonny,KC,OF,12,30,2,5,2,0,0,4,0,0,3,14,0,1,0,0.167,0.235,0.233,0.468
Saltalamacchia,Jarrod,MIA,C,9,29,3,2,1,0,1,1,0,0,4,12,0,0,0,0.069,0.182,0.207,0.389
Navarro,Reynaldo,BAL,2B,10,29,5,8,2,0,1,3,0,0,0,3,1,0,0,0.276,0.276,0.448,0.724
Jones,James,SEA,OF,28,29,1,3,1,0,0,0,1,1,2,13,0,0,0,0.103,0.161,0.138,0.299
Barnes,Austin,LAD,C,20,29,4,6,2,0,0,1,1,0,6,6,1,0,1,0.207,0.361,0.276,0.637
Alvarez,Dariel,BAL,OF,12,29,3,7,1,0,1,1,0,0,2,8,0,0,0,0.241,0.29,0.379,0.669
Lavarnway,Ryan,BAL,C,10,28,1,3,1,0,0,0,0,0,4,7,0,0,0,0.107,0.219,0.143,0.362
Kawasaki,Munenori,TOR,2B,23,28,6,6,2,0,0,2,0,1,4,6,2,0,0,0.214,0.313,0.286,0.599
Decker,Jaff,PIT,OF,23,28,8,6,1,1,0,1,0,0,7,9,1,0,0,0.214,0.371,0.321,0.692
Telis,Tomas,MIA,C,17,27,1,4,0,0,0,0,0,0,1,3,0,0,1,0.148,0.207,0.148,0.355
Muno,Danny,NYM,2B,17,27,2,4,1,0,0,0,1,0,4,11,1,0,0,0.148,0.258,0.185,0.443
Alcantara,Arismendy,CHC,2B,11,26,5,2,0,0,0,1,1,0,5,11,1,0,0,0.077,0.226,0.077,0.303
Snider,Travis,PIT,OF,18,26,1,5,3,0,1,8,0,0,3,10,0,0,0,0.192,0.276,0.423,0.699
Lambo,Andrew,PIT,OF,20,25,1,1,1,0,0,0,0,0,2,8,0,0,0,0.04,0.111,0.08,0.191
LaMarre,Ryan,CIN,OF,21,25,2,2,0,0,0,0,0,0,0,9,1,0,0,0.08,0.08,0.08,0.16
Castillo,Welington,SEA,C,6,25,3,4,0,0,0,2,0,0,1,5,0,2,0,0.16,0.179,0.16,0.339
Heathcott,Slade,NYY,OF,17,25,6,10,2,0,2,8,0,1,2,5,0,1,0,0.4,0.429,0.72,1.149
Dominguez,Chris,CIN,OF,14,23,2,6,1,1,1,3,0,0,0,12,0,0,0,0.261,0.261,0.522,0.783
Florimon,Pedro,PIT,SS,24,23,5,2,0,1,0,1,1,0,2,12,0,0,0,0.087,0.16,0.174,0.334
Barney,Darwin,TOR,2B,15,23,4,7,1,0,2,4,0,0,1,2,2,0,0,0.304,0.333,0.609,0.942
Noonan,Nick,SF,SS,14,22,2,2,1,0,1,3,0,0,2,8,0,0,0,0.091,0.167,0.273,0.44
Ross,Cody,OAK,OF,9,22,3,2,0,0,0,3,0,0,3,6,0,0,0,0.091,0.2,0.091,0.291
Johnson,Reed,WAS,OF,17,22,0,5,1,0,0,3,0,0,0,6,0,1,1,0.227,0.25,0.273,0.523
Lake,Junior,BAL,OF,8,22,2,3,3,0,0,0,0,0,0,9,0,0,0,0.136,0.136,0.273,0.409
Moya,Steven,DET,OF,9,22,1,4,0,1,0,0,0,0,3,10,0,0,0,0.182,0.28,0.273,0.553
Nieuwenhuis,Kirk,LAA,OF,10,22,4,3,2,0,0,1,0,1,2,9,0,0,0,0.136,0.208,0.227,0.435
Kratz,Erik,PHI,C,12,22,3,5,2,0,0,2,0,0,1,3,0,0,0,0.227,0.261,0.318,0.579
Fryer,Eric,MIN,C,15,22,2,5,2,0,0,2,0,0,5,11,0,0,0,0.227,0.37,0.318,0.688
Peraza,Jose,LAD,2B,7,22,3,4,1,1,0,1,3,0,2,2,1,0,0,0.182,0.25,0.318,0.568
Romero,Stefen,SEA,OF,13,21,6,4,1,0,1,3,0,0,3,6,0,0,0,0.19,0.292,0.381,0.673
Centeno,Juan,MIL,C,10,21,0,1,1,0,0,0,0,0,2,7,0,0,0,0.048,0.13,0.095,0.225
Williams,Mason,NYY,OF,8,21,3,6,3,0,1,3,0,0,1,3,0,0,0,0.286,0.318,0.571,0.889
Stubbs,Drew,TEX,OF,27,21,6,2,1,0,0,0,3,0,5,10,0,0,0,0.095,0.269,0.143,0.412
Butera,Drew,LAA,C,10,21,3,4,0,0,0,0,0,1,0,2,0,0,0,0.19,0.19,0.19,0.38
Holt,Tyler,CLE,OF,9,20,2,2,0,0,0,0,0,0,1,9,0,0,0,0.1,0.143,0.1,0.243
Solano,Jhonatan,MIA,C,7,20,1,1,1,0,0,2,0,0,1,1,0,0,0,0.05,0.095,0.1,0.195
Ashley,Nevin,MIL,C,12,20,2,2,1,0,0,1,0,0,0,8,0,0,1,0.1,0.143,0.15,0.293
Aguilar,Jesus,CLE,1B,7,19,0,6,1,0,0,2,0,0,0,7,0,0,1,0.316,0.35,0.368,0.718
Johnson,Dan,STL,1B,12,19,1,3,0,0,0,2,0,0,2,4,0,0,0,0.158,0.238,0.158,0.396
Ladendorf,Tyler,OAK,OF,9,17,3,4,0,1,0,2,0,0,1,2,0,0,0,0.235,0.278,0.353,0.631
d'Arnaud,Chase,PHI,SS,11,17,2,3,0,1,0,0,0,1,1,7,0,0,0,0.176,0.222,0.294,0.516
Stassi,Max,HOU,C,11,15,4,6,0,0,1,2,0,0,1,5,1,0,0,0.4,0.438,0.6,1.038
Hoes,L.J.,HOU,OF,8,15,1,4,0,0,0,1,0,0,1,3,0,0,0,0.267,0.313,0.267,0.58
Jimenez,Luis,MIL,3B,15,15,1,1,0,0,0,0,0,0,1,6,0,0,0,0.067,0.125,0.067,0.192
Olt,Mike,CHC,3B,6,15,1,2,0,0,1,1,0,0,0,6,0,0,1,0.133,0.188,0.333,0.521
Teagarden,Taylor,CHC,C,8,15,0,3,0,0,0,2,0,0,0,4,0,0,0,0.2,0.2,0.2,0.4
Romak,Jamie,ARI,OF,12,15,2,5,2,0,0,1,0,0,1,6,0,0,0,0.333,0.375,0.467,0.842
Garcia,Leury,CWS,OF,18,14,0,3,0,0,0,1,1,0,1,7,0,0,0,0.214,0.267,0.214,0.481
Rivera,Yadiel,MIL,2B,7,14,0,1,0,0,0,0,0,0,0,4,1,0,0,0.071,0.071,0.071,0.142
Brignac,Reid,MIA,3B,17,13,2,1,0,0,0,0,0,0,3,5,1,0,0,0.077,0.25,0.077,0.327
Nieves,Wil,SD,C,6,13,1,1,0,0,1,4,0,0,1,4,0,0,0,0.077,0.143,0.308,0.451
Diaz,Jonathan,TOR,SS,7,13,1,2,0,0,0,2,0,0,1,3,1,0,1,0.154,0.267,0.154,0.421
Lollis,Ryan,SF,OF,5,12,0,2,0,0,0,0,1,0,1,1,0,0,0,0.167,0.231,0.167,0.398
Presley,Alex,HOU,OF,8,12,1,3,0,0,0,1,0,0,1,5,0,0,0,0.25,0.308,0.25,0.558
Hague,Matt,TOR,1B,10,12,1,3,1,0,0,0,0,0,2,4,0,0,1,0.25,0.4,0.333,0.733
Baron,Steve,SEA,C,4,11,0,0,0,0,0,0,0,0,0,2,0,0,0,0,0,0,0
Telis,Tomas,TEX,C,6,11,1,2,0,0,0,2,0,0,0,1,0,0,1,0.182,0.25,0.182,0.432
Holt,Tyler,CIN,OF,5,11,2,1,0,0,0,0,1,0,2,2,0,0,0,0.091,0.231,0.091,0.322
Frandsen,Kevin,SF,1B,7,11,1,2,0,0,0,0,0,0,1,3,1,0,0,0.182,0.25,0.182,0.432
Decker,Cody,SD,1B,8,11,0,0,0,0,0,1,0,0,0,5,0,1,0,0,0,0,0
Difo,Wilmer,WAS,2B,15,11,1,2,0,0,0,0,0,0,0,2,0,0,0,0.182,0.182,0.182,0.364
Gale,Rocky,SD,C,11,10,0,1,0,0,0,0,0,0,0,1,0,0,0,0.1,0.1,0.1,0.2
Williams,Jackson,SF,C,7,10,1,2,1,0,0,1,1,0,4,1,0,0,0,0.2,0.429,0.3,0.729
Stanley,Cody,STL,C,9,10,2,4,1,0,0,3,0,0,0,3,0,0,0,0.4,0.4,0.5,0.9
Lombardozzi,Steve,PIT,2B,12,10,1,0,0,0,0,0,0,0,1,4,0,0,0,0,0.091,0,0.091
Polanco,Jorge,MIN,SS,4,10,1,3,0,0,0,1,1,0,2,1,0,0,0,0.3,0.417,0.3,0.717
O'Brien,Peter,ARI,OF,8,10,1,4,1,0,1,3,0,0,2,5,0,0,0,0.4,0.5,0.8,1.3
Krauss,Marc,TB,1B,4,10,0,1,1,0,0,1,0,0,0,7,0,0,0,0.1,0.1,0.2,0.3
Jackson,Ryan,LAA,2B,22,9,0,0,0,0,0,0,0,0,1,5,4,0,0,0,0.1,0,0.1
Weeks,Jemile,BOS,2B,3,9,1,3,0,0,0,1,0,0,0,2,0,0,0,0.333,0.333,0.333,0.666
Pridie,Jason,OAK,OF,6,9,0,0,0,0,0,0,0,0,1,4,0,0,0,0,0.1,0,0.1
Walker,Christian,BAL,1B,7,9,0,1,0,0,0,0,0,0,3,4,0,0,0,0.111,0.333,0.111,0.444
Duffy,Matt,HOU,3B,8,8,0,3,1,0,0,3,0,0,1,2,0,0,0,0.375,0.444,0.5,0.944
Young,Eric,NYM,OF,18,8,9,0,0,0,0,0,3,2,0,1,0,0,1,0,0.111,0,0.111
Sanchez,Tony,PIT,C,3,8,2,3,0,0,0,0,0,0,1,3,0,0,0,0.375,0.444,0.375,0.819
Figueroa,Cole,NYY,3B,2,8,2,2,2,0,0,0,0,0,0,0,0,0,0,0.25,0.25,0.5,0.75
Dickerson,Alex,SD,OF,11,8,0,2,0,0,0,0,0,0,0,3,0,0,0,0.25,0.25,0.25,0.5
Kepler,Max,MIN,OF,3,7,0,1,0,0,0,0,0,0,0,3,0,0,0,0.143,0.143,0.143,0.286
Morel,Brent,PIT,3B,3,7,1,2,1,0,0,1,0,0,0,3,0,0,0,0.286,0.286,0.429,0.715
Pena,Francisco,KC,C,8,7,0,1,0,0,0,0,0,0,0,3,0,0,0,0.143,0.143,0.143,0.286
Easley,Ed,STL,C,4,6,0,0,0,0,0,1,0,0,0,1,0,1,0,0,0,0,0
Parrino,Andy,OAK,SS,17,6,1,0,0,0,0,0,0,0,2,5,0,0,0,0,0.25,0,0.25
Torreyes,Ronnie,LAD,2B,8,6,1,2,1,0,0,1,0,0,1,1,1,0,0,0.333,0.429,0.5,0.929
Marte,Alfredo,LAA,OF,5,6,0,2,0,0,0,0,0,0,1,1,0,0,1,0.333,0.5,0.333,0.833
Reed,Michael,MIL,OF,7,6,2,2,1,0,0,0,0,0,0,3,0,0,0,0.333,0.333,0.5,0.833
Coleman,Dusty,KC,SS,4,5,0,0,0,0,0,0,0,0,0,3,0,0,0,0,0,0,0
Peguero,Carlos,BOS,OF,4,5,1,1,0,0,0,0,0,0,1,1,0,0,0,0.2,0.333,0.2,0.533
Ishikawa,Travis,SF,1B,6,5,1,0,0,0,0,0,0,0,1,3,0,0,0,0,0.167,0,0.167
Hernandez,Gorkys,PIT,OF,8,5,0,0,0,0,0,0,1,0,0,0,0,0,0,0,0,0,0
Anderson,Bryan,OAK,C,4,5,0,2,0,0,0,1,0,0,1,1,1,1,0,0.4,0.429,0.4,0.829
Bernier,Doug,MIN,2B,4,5,1,1,1,0,0,2,0,0,1,3,0,0,0,0.2,0.333,0.4,0.733
Spot,Pitchers,MIN,2B,4,5,1,1,1,0,0,2,0,0,1,3,0,0,0,0.2,0.333,0.4,0.733
